score,review,date
3.0,ウルトラマンはストーリーくらい知ってるシン・ゴジラは好きな映画というスタンスで鑑賞で、アガるシーンはあるが総評は微妙でした。○怪獣の種類大まかに分けると4回戦うことになります、それを分類すると、脳筋型→知略型→知略型→ラスボスのような流れです、そして作中長いのがこの知略型のパートで、二人の怪獣（星人）は政府を騙してどうにかこうにかという、戦略まで一緒なので、同じ展開を見せられてるのかなと思います。どちらか一つに集約すればいいのにと思いますし、もっと単純に兵器として強いという敵（ラスボスがそうなのかもしれないが、あれはちょっと意味合い違うかなと）がいたほうが絵的にも盛りあがった○人間ドラマ斎藤工と長澤まさみの関係が薄いのに、何故か昔からのバディのような扱いを作中でされているかといって作中でバディとして、この二人の絆が深まるシーンもまるでない大切なものを託したり、相手方に悲劇が起きて泣いたり、関係性から言えば他のメンツの方が信頼にあたいするはずなのに。作中で納得できるだけのドラマを描ける時間がないなら、長澤まさみが転任してきたばかりって設定はせめて外してくれたら、まだ納得がいった。○最後の解決方法のあっさり感シン・ゴジラと比べてしまうが、あれはゴジラを倒すという方法を作中全ての時間で模索した、もちろんそれが手放しで納得できるかわけではないが、少なくても作中でのリアリティは感じられた。しかし、今回はラスボスを倒すために模索するシーン、５分あっただろうか？ちょっと凹んだあとに会議したらアッサリ解決、これなら「頑張れウルトラマーン」と子供に言わせて、奇跡の力で倒したって方がまだスッキリする。他にも、普通は斎藤工の元の性格しっかり描いてから、ウルトラマンと入れ替わりやって、観客に入れ替わってる違和感さとか、不気味さを見せるんじゃねーの？とか思うし、戦闘のCGも予告の鋼の錬金術師よりは頑張ってるけど微妙だなーとか、最初のドリルとの戦闘シーンのカメラワークダサいなとか、「私の嫌いな言葉です」ってのは一回使うから印象的であって二回使うなよとか色々ありますが、全体で音楽は素晴らしいです！BGMやSE両方ともカッコいいなと思います。,2022/11/01
0.0,山本耕史が出てきたらそれだけで楽しく観れちゃうわ。声の出演者を事前に把握しながら観れれば良かった！(一生さん〜)小学校低学年くらいの男の子が親御さんと観にきてたけど、結構難しい説明とかあったと思うから、ちゃんと理解できたかなーと心配になった。,2022/11/01
4.2,おぉ！バランスいい！シン・ゴジラの様な政治ドラマと、ウルトラマンのプロレスが丁度いいあんばいです！個人的には巨人プロレス少なめが嬉しいんですが、VFXのクオリティが高くしっかりしてました。,2022/11/01
5.0,はっきりいって最高である。庵野秀明監督のちょっと後の世代として、昭和のウルトラマン・シリーズに心を奪われて育った三つ子の魂が燃え上がってしまった。これはまさに、すでに使い古されたアイテムに過ぎない「ウルトラマン」を再現したのでは決してなく、私たちの世代がウルトラマンに一番最初に出会った時の「ウルトラマンとの出会いの感動」を、現代にもう一度味わえるように再現してくれたものである。もしも、多くのとても古い作品のリメイク作がそうであるように、当時の魅力的シーンをそのまま現代の映像手法で高品質にだけ描いたとするなら、もちろん、ふつうのオタクは楽しんだとしても、今の私たちの目にはかえって陳腐に見えて、「トホホ」な、がっかりする出来となったことだろう。だから、これはそのような愚はあえて犯さずに、あえて映像手法を高度化しない選択をすることで、「解釈」のほうを高度化することにしたのである。すなわち、今の私たちの知識と理屈に合わせて、設定の解釈のほうを新しくすることで、むしろ、かつてのオリジナル映像自体の評価の地平までも広げてくれた。これができるのは、まさに作品愛が真実極まりない本物の「オタク」だけであろう。たとえば、ウルトラマンの姿や動き、飛び方などを、わざと物理法則を無視した、ヘタなCGそのもの、あるいはまるでプラスチックの玩具のように描くことで、いわゆる「βシステム」の物理法則、ウルトラマンの存在の仕方自体が、私たちの地球の3次元とは違うのだ、と理解させてくれた。女性隊員が巨大化するシーンを、あえて映像的合成のように見えるように再現することで、実際に「合成」のような事態が起こっているのだから、それでよいのだと感じさせ、解釈の次元のほうを逆にはるかに高度なものとさせてくれた。すなわち、これはヘタに科学的なSFなのではなく、もっと本格的に高度に科学的なSFなのだといえよう。まあ、その手法は『シン・ゴジラ』も同じだったのだが、しかし『シン・ゴジラ』はまだリアリティが地に足がついていて、それゆえにふつうの感動はしたが、アクロバット的な感動までは至らなかった。まあ、そもそも怪獣やゴジラ自体に思い入れが少なかったせいもあったかもしれない。しかし、このウルトラマンには、もはや熱狂する以外にない幼少期の思い入れがあり、その思いをこのように納得させてくれた、この新しい「出会い体験」というものが、もはや生涯級に感動が残る素晴らしい出会いだったといわざるを得ない。巷にはいろいろと賛否両論も多いが、それはそういうメタな次元を理解せずに、他の作品と同じ映画と考えて解釈してしまうためであろう。とにかく、私は、ひたすら感動、感謝、感謝である。,2022/11/01
3.6,今までウルトラマンは見たことがなかったが、面白かった。シンゴジラが良すぎたから少し物足りなく感じた。米津玄師の歌はめちゃくちゃこの映画に合ってて良かった。,2022/10/31
3.8,ウルトラマン見たことないけど旦那に連れて行かれた。ちょっとウルトラマン好きにしか理解できない部分多いよね。まあ面白いんだけど。庵野さん作ってて、さぞ楽しかろう。,2022/10/31
3.5,・斎藤工&山本耕史演技良かった。有岡くんも思いの外演技良くて一番応援したくなった！・冗長的なシーンが多くて辛かった。脚本にはまらなかったドラマがない？カタルシスがないような。途中何度か寝ちゃった。原作もこんな感じなのかな？・禍特対もっと掘り下げて欲しかった。あの人たちの活躍やウルトラマンとの連帯感ももっと見たかったし、じゃないといくら神永と同化しているとはいえこんなにウルトラマンに人類愛生まれる？っておもった。早見あかりも西島秀俊ももっと活躍を見たかった・居酒屋シーン良すぎた。メフィラス孤独のグルメやってほしい。好きな言葉です・細部のデザインとかアングルとか、画面の薄暗い色味とか構図はやっぱり良い。これがあるから庵野作品としては楽しい・長澤まさみ好きだから全体的に残念感すごかった、、、,2022/10/31
3.3,公開初日に行ったら「さぁて、樋口サン…お手並み拝見と行きましょうか…！」って顔した特撮おじが沢山詰めかけてて、なかなかの雰囲気だった。語りのひな型がシンゴジラのままだから、人間（特に女）を描く気が全く無いのが伝わってくる。さんざん言われているが、臭いと巨大化パンチラと尻シーンはもちろん好きじゃない。長澤まさみともあろう人が、こんなカリカチュアされた“オンナノヒト”な演出を付けられるなんて、見ていて本当にみじめな気持ちになった。その分怪獣はフェティッシュに描いてて良かった。,2022/10/30
0.0,面白かったけど、どうしてもシン・ゴジラと比べてしまって物足りない感,2022/10/30
2.0,お父さん世代に当時を懐かしんで貰う為に作ったのかな？別に映画じゃなくて新春特番みたいなのでも良かったと思うけど。主役はれる役者達が、子供向けみたいな幼稚な怪獣映画で芝居してるのが滑稽だった。,2022/10/30
4.4,このままだと好きな邦画ベスト3がシン・ゴジラシン・仮面ライダーシン・ウルトラマンになっちゃう…！庵野秀明・樋口真嗣による初代ウルトラマンのリブート作。人類補完計画の成れの果てともいえるウルトラマンが人類に憧れるっていうのは皮肉な話。でも庵野監督が描きたかったのはそういうことなんだろうな。思っていたよりウルトラマン。ウルトラQから始まり、初代マンのエピソード5つほどを繋ぎ合わせたような構成。て感じの内容なので、ウルトラマン、ないしは庵野秀明、樋口真嗣への思い入れがどれだけあるかによって評価が大きく変わってしまう映画になってる。個人的なウルトラマンへの思い入れとしては、小さい頃は「ウルトラ怪獣大事典」だったり「ウルトラ戦士主題歌集」みたいなVHSを何度も繰り返し観ていたし、Qや初代マンやセブン、エースのビデオもレンタルしてきて観ていた記憶がある。世代的にはティガと同い年で、ダイナ、ガイアと続く平成三部作を観てた。(録画とか再放送かな、おそらく。)ソフビやオモチャもいっぱい持ってたし、何よりバンド名に怪獣の名前を付けているぐらいの熱量はある。(ティガに登場する炎魔戦士キリエロイド)庵野秀明への思い入れに関しては言わずもがなだけど、樋口真嗣への思い入れもしっかりある。シン・ゴジラはもちろん、日本特撮史上最高傑作とも名高い平成ガメラ三部作もある。仮面ライダーBLACK SUNのコンセプトビジュアルも彼だし、エヴァやナディアにも関わっている。それぐらい自分の血肉となっている作品たちのDNAが受け継がれていたので、最高だった。とはいえ、メチャクチャ変な映画だとも思う。外連味も凄いし、ターゲット層もよくわからない。途中で急に画質が落ちるシーンがあるし(スマホで撮ってる映像を使ってるらしい)、演技のノリも独特。純粋に素晴らしい映画かと訊かれたら、困ってしまいそう。ウルトラマンにも庵野作品樋口作品にも興味ない人には口が裂けてもオススメできない。いや、シンゴジや平成ガメラみたいなのを期待して観に行ってもガッカリすると思うので、樋口ファンにもオススメできないかも。庵野曰く、もともと三部作(マン→新マン→セブン)を想定して作っているらしいので、是非続編もやってほしい。今作はチグハグ感も目立っているので(シンエヴァ、シン仮面ライダーと同時並行だったので仕方ない部分もあるけど)、次は庵野さん監督でやってほしい。樋口さんは特技監督で。#Showki2022#Showki2022new,2022/10/30
0.0,機内で見た。場面が淡々と切り替わってすごく淡白に見えてしまった。理由はあまりわからない。演技が棒読みに見えたというか、なんというか。あまり気持ちが入っていかない、苦しさとか大変さが伝わってこないなあと思いながら見終わった。楽しかったのは楽しかった,2022/10/30
0.0,賛否両論というのを知ってから見に行った。微妙だったし、そこまで覚えてない…,2022/10/29
3.5,機内でぼーっと観るには、なかなかおもしろかったよ。ウルトラマンの色が変わるのはなぜ？ゼットンがかっこよかった。兵器感。,2022/10/29
3.0,大好きなシン・ゴジラの監督、脚本コンビウルトラマンの知識がなくても楽しくみれました。ただちょっと難しいなと感じました。,2022/10/29
1.2,これほど最後まで見るのが苦痛な映像も珍しい。そもそも、ピコンピコンもジュワッチもないウルトラマン、そんなものは認めない。円谷世代なめんなよ。,2022/10/28
3.8,久々に友達と観に行った映画。令和のウルトラマンを満喫した。CMとか見た感じやったら、えええ、斎藤工がウルトラマンなんかいな。。。という感じやったので、そこまで期待度が高かったわけではなかったんやけど、これはこれでよかったです。山本耕史さんが良かったです。メフィラス星人は令和になると、あんな感じになるんですなぁ。ウルトラマンと並んで一杯やってるところは、なかなかシュールでした。そしてゼットン。令和になると核兵器になってしまうのか。。。ゼットンはウルトラマンを殺してしまえるぐらいの能力があるぐらいのやつやと思っているので、うーん感が否めない。ちゃんとTV版をオマージュしてたんやなって最後に分かってよかったです。,2022/10/28
5.0,今年一番映画館で観れてよかったと心から思った作品。2回しか足を運べなかったのが悔やまれる。斎藤工さんの掴みどころのない不思議ちゃんっぽさが最大限に活かせていて良かった。,2022/10/26
3.0,昭和レトロを現代技術で…って映画音楽もカメラワークも演出も昔のウルトラマンの懐かしい感じが詰まってる。ゼットンがゼットンぽい何かになってたり、随所にエヴァっぽいところがあるんだよなぁ…エヴァ好きな人は嬉しいのかも。山ちゃんはいいけど、どこでも出てくる海馬をそろそろやめてくれんかな…出るなら「ブルーアイズ！」って叫べよ。,2022/10/26
4.2,ウルトラマンティガ世代だけどすごく楽しめた。けどド世代の人とかはもっと堪らなかったんだろうな。実際父親も怪獣それぞれにすごく興奮してたし。あとカメラ位置やCG技術は勿論だけど斎藤工さんや不気味にメビウスを演じる山本耕史さん（特にハマり役だったと思う）など、俳優陣もとても良かった。次回のシン仮面ライダーもすごく期待。池松壮亮さんは縁もある大好きな俳優さんなので。,2022/10/26
4.1,英才教育で受けたウルトラマンの教育のおかげで楽しめましたが、ウルトラマンを知らない方はそこまで楽しめないでしょう。人が大きくなるなるシーンで凄く萎えると思いますが、あれも原作リスペクトです。,2022/10/25
3.5,思ったより良かった。シンゴジラより危機感がなくて、ハラハラしないけど、そりゃ禍威獣の出現が当たり前になってきてしまった日本で、禍特対が何とかしてくれるってみんな思ってるから民間人も、お役所も、お上も我関せず。死んだらそこまで、考えても仕方ないっていう一種の諦めが集合概念が生まれてて、頑張ってるウルトラマンの戦いと、丁度いいアンバランスさ。それよか世界中、他国への体裁と金、金、金。そりゃ繁栄するに値しないって言われてゼットン仕込まれる。,2022/10/25
3.1,初代マンとセブンを観て育ち、思春期にはエヴァにどハマりし、シン・ゴジラは3回観に行った人間だが、シン・ウルトラマンの出来には納得がいかなかった。禍特対が巨災対に比べて魅力なさすぎる。全体的に人物が描けてなさ過ぎて、メフィラスが異常に輝いて見えた。山本耕史の貢献はデカい。,2022/10/25
5.0,THE・人間賛歌！「人間は自分たちが生きている星の環境を破壊する愚かな生き物」という外星人の言葉で始まったはずが、最後には外星人であるウルトラマンが自らを犠牲に人間を助ける。それは、人間が他人のために自己犠牲を厭わない素晴らしい生物だから。これらに関しては明確に言葉として示されることはないが、行動で示されるのが良い。何でもかんでも説明すれば良いというものではないだろう。それに言葉よりも行動の方が、より信念や強い思いを感じることが出来てウルトラマンの良さが伝わった。あとは庵野秀明独特のカメラワークも良かった。そして、あえてのキャラクター性をゴリ押しや特撮っぽい話口調など、好みが別れるとは思うが私は好きでした。まあ好き嫌いがハッキリ別れる作品だとは思いますが、私は好きです！,2022/10/24
3.0,カトクタイの人たちが話してる時のカメラワークがめちゃめちゃ好きだった！,2022/10/24
4.0,そう来たか、まさかのゾフィ、ゼットン、、、長澤さんの使い方もトラウマです。,2022/10/24
4.0,普通に面白かった。話題となっている主題歌への造詣の深さについては、原作をあまり知らないので（原作への愛が足りないので）あまりピンとこなかったのが正直なところだが、雰囲気や空気感はとても良かった。,2022/10/23
3.3,ウルトラマンも結構人間臭い、というか思考に取り憑かれる生き物なんやなーと知れて面白かった。浅見がウルトラマン初めて観たときにあれがウルトラマン、、、美しい。って言った時ホンマそれ。って思った。CGの観点でMCUと比べる人多いけどそれはナンセンスな気がする。会議のシーン、カット回しとか庵野感あったけどなんか実写ではあんまハマってないっていうか、、、山本康二のメフィラス星人の存在が良すぎた。,2022/10/23
3.3,前半は面白かったけど、個人的には後半はちょっと追いつけなかった、、,2022/10/22
4.5,非常に良かった。子供の頃の夢がウルトラマンというのを思い出しました,2022/10/22
3.6,"シンゴジラのせいで期待値を上げすぎてしまったな‥とつくづく思ってしまった者です。シンゴジラを劇場で見ている時、これが一体どんな結末になるのかなんて全く判らないような、そんなワクワクな気持ちにさせてくれたのがあの""新""ゴジラだったわけですが‥このシンウルトラマンの蓋を開けてみると、いわゆる総集編的なやり方で‥つまりもう知ってるやつをもう一回現代風に再解釈してやるというものでした。ただ、アレンジしたりそのままにしたりする部分は存在していて、一応ファンとしてはその違い楽しみはしましたけど‥そのアレンジした部分というのがあるわけですが、例えば主人公シンジのキャラが「地球が静止する日」のキアヌリーヴスの役にしか見えなくてイマイチ新鮮味に欠けるなぁ‥とかどうも無難な感じの印象が拭えない収まり方をした印象でした。山本耕史の演技など良い部分も有りはしましたが。映画を見る前、もしこの映画が微妙な出来だとしたらどんな内容だろうと想像してたんですが、「ウルトラマンパワードに毛が生えた出来栄えぐらい」なんじゃないかって勝手に想像してました（笑）結果的には「ウルトラマンに毛が生えた程度」でした。ただそんなに外してもいなかったのもあってか、あまり期待しない様に見た筈なんですが、「期待しすぎたな‥」なんて思ってしまいました。",2022/10/22
0.0,面白かったけど別に配信で観ても変わらなかったかなという感じでございました,2022/10/22
2.2,まず禍威獣ってネーミングセンスがダサい。普通に怪獣でいい。闘いのシーンももCG感が強くちゃんと特撮でやってもらいたかったところ。樋口監督は重量感のある特撮が得意だと思ったのに。あとシン・ゴジラではあった怪獣の市民への脅威みたいのも希薄。ザラブ星人のにせウルトラマンを持ってくるあたりマニアックではあるけど作り的にはTVシリーズの映画版のようなオムニバス的な感じであっさりしている。そもそもウルトラマンも地球人と融合体にならなければゾフィーと同じ考えになったのでは？と考えるとオリジナルとは違い光の国では異端な存在になる。敵対するゼットンの造形と位置付けもちょっと期待外れ。良かったのは山本耕史の異星人感かな？実相寺的なアングルを狙ってかローアングルからの見上げを多用しているけど長澤まさみと早見あかりの丸い下顎が目立ってちょっと可哀想。女優さんはキレイに撮ってあげて欲しい。,2022/10/21
5.0,だいぶ前にはなりましたが映画館で見た時は鳥肌が凄かったです！かっこよすぎて！当時のは全然世代じゃないし、世代はメビウスですが、ウルトラマンはやっぱりこうです！CGを使っても色褪せないかっこよさ！凄いです！よくストーリー面で批判されてるのをみますが、あの時代を思い出させるようなポンポンとした展開でとても好みです！,2022/10/21
4.0,素直に面白かったです。ゼットンの絶望感とか表現が上手いと思いました。,2022/10/21
3.6,カメラワークが流星課長を彷彿とさせてきたな俺もまだ若者の類だけどもっと若い世代はこれを観てエヴァじゃんって思うのかな,2022/10/21
3.0,ウルトラマンはあまり見たことなく、あらすじも読まずに見たが、思っていたのと違った、というのが感想。激しいアクションの戦いは少しだけ、後は外星人のやりとりや心理戦が続いていた。カメラワークも見にくかったがオマージュでは無いとか。,2022/10/20
3.5,物腰柔らかい底抜けの悪を感じる山本耕史が、人間味のない正義の斎藤工との対比で際立ってた。1番ハマり役。あと実相寺アングル本当に多用してて、そういうものとして観たら面白かった。,2022/10/20
3.5,シンゴジラは観ましたが、エヴァンゲリオンシリーズと初代ウルトラマンは未鑑賞です。巨大な銀色の宇宙人が怪獣や外星人相手に戦うシーンはどれも良かったです。特にザラブ星人との空中戦からのスペシュウム光線は素晴らしかったです。ですが人間周りの描写には飲み込めないことが多々あり、神永新二がウルトラマンと入れ替わったのに気づかない禍特対の面々、そんな禍特対をウルトラマンか好きになる展開があったか、長澤まさみあたり全部等々は疑問に思いました。山本耕史のメフィラスはとてもよく、真面目なウルトラマンと飄々としたメフィラスの会話はもうずっと居酒屋で飲んでて欲しいと思いました。,2022/10/20
3.3,シンゴジラは誰にでも勧められるけど、この映画はかなりマニア向けで微妙でした。山本耕史は最高！,2022/10/19
4.2,記録漏れ。ティガを幼少期に見てたくらいだけど、面白かった。最初から最後までウルトラマンさんがかっこよすぎでした。,2022/10/19
3.0,シンゴジラが面白かったので、このシンウルトラマンも期待して見たが、残念ながら大して面白くなかった。なぜか。理由は簡単で、4つの逸話のオムニバスになっているからだ。だから話が盛り上がらない。起承転結になっていれば2時間でも3時間でも退屈はしないものだが、このシンウルトラマン、113分はさすがに冗長である。どの逸話も尻切れとんぼなのだ。異星人であるウルトラマンが何故に斎藤工と一体化しなければならなかったのか、何故に地球人に感情移入してしまったのかを、ゾフィーとの会話で本人にしゃべらせるのではなく、映像で表現してこそ「映画」なのである。「シン」ものはどちらもとにかく早口で出演者にしゃべらせるのだが、この手法は好きになれない。小説と映画は違うのである。新藤兼人監督の不朽の名作「裸の島」は全く台詞はないが異次元の感動を味わうことができる。庵野氏はもう少し「映画」というものを勉強しなおしたほうが良い。,2022/10/18
3.3,シン・ゴジラの方法論で撮ったウルトラマンを期待して視聴。それっぽいところはあるが、肝心なものがない。シン・ゴジラでの蒲田くんのような驚きがない。メフィラスやゾーフィ、ゼットンの解釈がそれに当たるはずなんだろうけれど。衝撃度が弱い。,2022/10/18
4.2,全般的にテンションが低いし、スピード感もない。盛り上がりもないし、淡々と物語が進んでいく。期待外れだと思いながら見ていたが、地球侵略しようとする宇宙人相手になってからテンションは変わらないのだけど、面白くなっていく。昔のウルトラマンのシーンを踏襲しながら、上手く物語が構成されていて感心した。,2022/10/16
5.0,ウルトラマンは、誰しも子供のころに見たことがあると思う。実はウルトラマンの放送開始は私が生まれたころだった。このシン・ウルトラマンは子供たちと観た。（私は晩婚で）子供たちは小学生低学年で奇しくも私が子供のころにみたのと同じ世代だ。彼らは令和・平成ウルトラマンに慣れ親しんでいるためか怪獣の名前は一目でわかる。舌を巻くが私も子供のころは怪獣図鑑を覚えたものだ。しかし私はすっかり忘れてしまった。彼らはシン・ウルトラマンがかっこよくて面白かったようだ。地球を守る正義のヒーロー。ゼットンがとくにかっこよかったらしいただし大人が観るとウルトラマンの使命はヒーローとしてきた者なのか疑問だし、ゼットンはそもそも怪獣なのか？と色々と思うところがあった。ただしウルトラマンの印象と物語の深みは、世代を超えて伝わったと感じている。子供たちももう少し成長すれば解釈もかわってくるだろう。でもあの時えいがかんでみたカッコいいウルトラマンへの思いは私と同じで永遠なんじゃないかって想いたい,2022/10/16
3.0,期待を持ちすぎたからか、物足りない感が、どうしてもあるなあ…。あと、タキくんは、君の名はを連想しちゃうのよ,2022/10/16
1.0,2022/10/16最高に面白かったです！高校生の時の映画監督になりたいという夢は今からでも遅くないと思わせてくれました！！,2022/10/16
3.7,"『シン・ウルトラマン』鑑賞。評判見てると苦手そうな感じしてたけど、最初20分ぐらいの""私は何を見ているんだ""感に慣れたら楽しめた。あとアップが多いからこそわかる長澤まさみの顔面の良さが凄い笑",2022/10/16
4.2,平日昼間の鑑賞でしたので客は50代から60代の頭の白いおっさんばかりでした(笑)。やはり私たちの世代には人気があるのですね。冒頭いきなり「ウルトラQ」のオープニングテーマ曲、それからから「シン・ゴジラ」のタイトルから始まったのはシビれました。日本において巨大不明生物が次々に出現し、政府・自衛隊はその駆除にあたるという説明が、６体の怪獣とともにいっきに早いスピードで映し出されるのですが、まさに庵野ワールド全開です。この部分までは、まだウルトラマンが出ていなので「シン・ウルトラQ」って感じですね。本編は5部形式になっていて、TVシリーズをつなげたような工夫がなされています。メフィラス星人、ゼットン、ゾフィーと出てきて思いっきり楽しませてくれます。これはまさにウルトラマンが好きな人が作ったウルトラマンですね。ウルトラQ の放映開始が1966年1月、ウルトラマンは1966年7月ですから、56年の時をへて今回の「シン・ウルトラマン」。私はマニアではありませんが、こういうのを観ると、つくづく日本人で良かったと思ってしまいます。「怪獣はなぜか、この国にしか出現しないんだ」(笑)鑑賞後は映画館と同じビルに入っている喫茶館キーフェルグローバルクラブで珈琲をいただきながら、パンフレットを読んでニヤニヤしてしまいました。,2022/10/15
4.0,スタッフクレジット見てて、円谷一族は既に欠片も居ないんだと思った次第。物心ついたときには第一次怪獣ブームは終わってる頃で、特撮の一番古い記憶は「怪奇大作戦」とか「河童の三平」とかだから、再放送で観たんだろうなあ。それでも子供時代の憧憬と共に観てしまうわけで、そういう+αありつつも面白かったです。神永隊員がオリジナル版のハヤタ隊員のように、浦島太郎にならなくて良かったなあと思いました。有岡くんがとってもおいしかったのが、少し嬉しかったり。同じグループで同時期くらいに公開で、ラストで変身までした山田くんの立場は？　とか思っちゃいました。マルチバース展開はさらりと説明してたので、今後の展開が気になります。,2022/10/15
3.5,長澤まさみ氏がでっかくなっちゃった！！映像美や艶はさることながら、興味深い台詞も満載でした。「割り勘で良いか、ウルトラマン？」何事も平和的解決が一番だ、恫喝は人間の良くない所業だ。庵野秀明監督の自身の映画のオマージュ。ゾフィーとゼットンとが同一体なのが違和感でしかなく、悪役は結果、人類の方ではと考えさせられました。ラストは唐突な終わりかなと。映画「シン・仮面ライダー」も楽しみ。,2022/10/15
3.7,2022/21通常のウルトラマンの動きを沢山見てきたから、モーションキャプチャのウルトラマンがものすごーーーく違和感。アクターさんが動く人間味と、また違う人間という感じで不思議。斎藤工である必要があったのかは謎だし、長澤まさみのあのアピールは一体何なんだ……色んな人に聞いても、とにかく「シン」シリーズということで納得しよう、という結論にしかならず、「シン仮面ライダー」に行くためのイントロだったと考えることにした。けど、そこまで悪いものでもありませんでした笑,2022/10/14
3.0,一言で表せば「温故知新」ですかね。うん、1960年代に発生していたウルトラマンに関連する事件について、リアリティーを追求するならば、あのようになりますよね🤔それはわかります。先に良い面を。単純に懐かしいですよね。原作が大好きな私としては、科学特捜隊の歌や、ウルトラマンの戦闘シーンの曲を聞くと、盛り上がります。本当に、ウルトラマンが地球上でスペシウム光線を放てばそれは危険ですよね。確かスペシウムってバルタン星人曰く、そもそも放射性物質だったと思ったけれど…🤔空想科学読本を思い出しながら見てましたもの。。ノスタルジックに浸れるかな、と思います。ここからは少しネガティヴな話になります。この感想はあくまで原作が好きな人間の感想の一つに過ぎないため、あまり参考にしないでいただいた方が良いかもしれません。原作好きは概して、リメイク等に物足りなさを感じる、これは致し方ない面もあるでしょうしね💦さて。やはりエピソードがぶつ切りなんですよね…。地球人とウルトラマンの関係を考えたらやはり、これは唐突感が否めないんです。だから、レビューすることをためらっていました。劇場で見てきて、違和感を感じるも、今まで言語化出来ず。ウルトラ警備隊キリヤマ隊長の、我々地球人の手で守る発言から、ウルトラマンメビウスでの事件史で紡ぎ上げてきた、ウルトラ兄弟と地球人の関係性を思うと、本作で単純に信じすぎる地球人などに違和感があるといいますか。。いや、求めてはいけない部分なんでしょうけれども。但し、ゾフィの設定、これは熱い🤣当初はこんな設定だったらしいですね笑だから、当時のエピソードを盛り込んでいるんですよね、それは面白かったですね。,2022/10/14
3.8,巨大化よ 話は普通に面白かったシン仮面ライダーに期待見たのだいぶ前だからまたレンタル始まったら借りよっかな,2022/10/14
5.0,ことしで22さいになる そんなぼくがきみとであったのは もういつのころかおぼえていないあかとぎんいろのせなかに ぼくはむちゅうになったどれだけきづついても どれだけうちのめされてもなんどもなんどもたちあがって あくとたたかうきみをみてぼくもきみみたいに つよくなりたかったなにもかもに あこがれてたそこには ひーろーがいた,2022/10/14
1.0,驚きもせず創造通リのクォリティーです。音楽もダサく（ワザと？）パロディで作ったのかなと思いました。緊張感はまったくゼロです。皆、優しいよね～ぇ。他の評価は良いです。８歳以上禁止映画ではないでしょうか？たぶんマニア向けの作品なので素人の私には無理な映画でした。別に非難されても良いと思ってるので私を攻撃して下さい。でもウルトラマン見たいに応戦しません。無視で良かったどうぞ。最新映画ブログ紹介↓https://www.yellowbaku.shop/,2022/10/13
3.8,出だしから好きすぎる笑笑ただシンゴジラと比較すると製作費をあまり出してもらえてないのがすぐわかるCGではあったゼットンに関しては賛否両論あると思われる、個人的には好きどことなく最後の戦いはウルトラマンコスモスVSウルトラマンジャスティスが好きな人は全然ありな展開なんじゃないかなと思います。ウルトラマンやアクションだけでなく登場人物たちも良いキャラ出してますね、特に長澤まさみさん映画鑑賞した人はどうにかして見たいものがあるのではないかなーと🙄,2022/10/12
3.6,庵野監督ならではのテイストが敵のキャラクターに現れていた。現代の設定であるが、随所に原作へのリスペクトが込められており、それが良いレトロ感を出していた。ストーリー展開はテンポ良く、役者さんたちの演技も絶妙で良かった。非現実的で空想的な設定であるが、物語の核は善、正義、愛などだと伝わって来た。,2022/10/12
3.7,(個人的に)難しい言葉がいっぱい出てくるので字幕つきで観たいと思った,2022/10/11
3.6,そんなに人間が好きになったか、ウルトラマン。ジョワッ‼️,2022/10/11
2.0,往年のSF特撮ヒーロー「ウルトラマン」を現代の世界観に置き換えたリブート作品。大して深くも重くもない人間（？）パートのやりとりがゴチャゴチャ長すぎるから映画としての爽快感に欠けると言うか何と言うか…w情報量は多いが中身は薄い…その程度の感想しかないかな…,2022/10/11
2.5,スペシウム光線の演出が凄すぎた！ウルトラマン詳しくないけどわかりやすい話だった,2022/10/10
4.0,こちらでは初めて書きます面白かったですまあ残念な所もいくつかありますがゼットンがイマイチでしたねゼットンをそういう使い方をするのはアイディアとしては理にもかなって面白いと思うのですがそれでもゼットンはゼットンにしてほしかったかなゼットンに関しては、それプラス戦いのアッサリ感もあって60点、今風ゴチャゴチャ鋭角的なデザインは30点くらいでしょうかザラブのデザイン(アイディア)はすごく良かったのに・・・あとメフィラスも、オリジナルの、目が４つあるようなデザインが良かったのになあボディーのスマートなタイツ感も、知的な異星人っぽさは出るけどなんかイヤ(笑)禍威獣という呼び名も理由はあるのだろうけどそういうアレンジはあまり私の好みではなかったですし特にそれがギミックになってるとも感じなかった総合すると、今回はウルトラマンで成立させる話でしたがオリジナル特撮にした方がよかったかもまあそうすると単にエヴァになる可能性があるし、看板無いと予算も出ないし客の入りも落ちるだろうけど、あれだけアレンジするならそっちでもよかったかもしれない(元々エヴァもウルトラシリーズ等の特撮を近代アニメでやってみようというオマージュ作品でしたもんね)あとBGMも統一性がないというか、メフィラス戦の安っぽい垂れ流しロックが気になったのと神永から預かったUSBの事言うの遅過ぎね？ってことくらいですかねただ重ねて言いますが、その辺は些細なことで、押さえる所は押さえてて面白かったです予算的には日本映画の枠を出ない感じなのはわかってしまうが、ダレることもなく飽きずに見れました予算の使い所や、脚本、見せ方が上手いからでしょう(ちょっとアングルがしつこい気もしましたが)私的には日本映画界全体で考えても賛否はあれどトップクラスにまともな映画を撮ってる人たちに見えるし商業的に見てもヒットメーカーだと思うのに、なにゆえ予算を渋るのだろう？(町山智浩さんいわくラジオで、日本映画の興行収入はヒットしても30億くらいだから大作でも製作費の上限は3分の1の、10億が限界だとは言ってましたが、スポンサーはマニュアルでそれを律儀に守ってるって事なのかしら？レビュー見ると単に「CGが…」と言ってる人も多いので残念な事です)ハリウッドは30億で低予算なのに…あと、書くかどうか迷いましたが、例の長澤おしり問題なんですが、私も癖でよくひじのシワシワの部分を触ることがあるんですが単にそれのおしり版というだけで、そういう癖を持ったキャラクター表現なんだなあ、としか思わないので長澤さん以外が「セクハラだー」はちょっと違うと思うのだがただ、それとは別の話として、すごい違和感は感じるそれは、このキャラ付けが別にいらないからですおしりを触ったきっかけで彼女が活躍する展開がある訳でもなしキャラ付けとしても弱いし古い、というかキャラ付けのためのキャラ付けに見える「ん？」とテンポが止まりいちいち引っかかるだけで正直ただただ邪魔であることは確かですそんなことしなくても充分キャラはあると思うのに恐らく描きたいものを描こう！という情熱がありきのただそれだけで描いた80年代アニメみたいなノリなんでしょうね。まあそれは大事なことではあるんですが。あともう一つの違和感として実写だからというのもあると思うアニメだとこういうキャラ表現も受け入れられると思うのですが実写だと生臭くなる昔、キムタク主演の宇宙戦艦ヤマトの実写映画があったのですがアニメだと何とも思わなかったけど、実写で、しかも日本人で軍隊を絵描くと、とても陰陰滅滅とした生臭さが漂ってくる多分この臭いに気付かずこのアイディア入れたんでしょうね。,2022/10/10
3.0,あまり覚えてない。なんか長かった気がする。巨まさみがもう少しやりようあった気がする。,2022/10/10
3.9,これも大分前に観た作品！期待通りのウルトラマン！このゆるいやりとりが、ウルトラマンって感じで、うまく表現されていてよかった！怪獣との戦いも初代ウルトラマンの戦い方でしっかりいい所を残して、今の映画になっているのが良作でした！居酒屋のシーン、こんな感じで隣に宇宙人がいたらって思うリアル感がよかったです！ゾフィーがもう少しカッコよく表現してほしかった〜、宇宙警備隊隊長！めちゃ好きだから、もう少しカッコよくって感じでした。全体的にはエンターテイメントとして、ばっちりな作品でした！,2022/10/10
3.8,庵野監督作品なのか？と思わせるような演出が多数、いいのか、悪いのか俺は好き,2022/10/10
4.0,オタク心を擽る演出が良かった。シン・ゴジラを見てからみると、前回のキャストがスライドしてるのも良かった。,2022/10/10
4.0,最新の技術と懐かしいかんじ、カメラワーク、最高でした、、ウルトラマンの世代ではないし、ちゃんと観たことはないけど、お父さんがウルトラマンや仮面ライダーが大好きでね、なんかお父さんの気持ちわかったような気がする。たくみさんのウルトラマンかっこよかった！,2022/10/10
3.0,変身の音とかBGMとか昔のままで懐かしかった。スタイリッシュなウルトラマンはめちゃんこかっこよかった。戦闘シーンのカメラワークも庵野監督らしくてよかった。でもちょっとシリアスすぎ。セリフも科学的な言葉が多すぎて理解しずらい。最後のゼットンもなぁ、あんなんじゃない方がよかったなぁ。戦闘シーンがもっと観たかった。,2022/10/10
5.0,ウルトラマンをほぼ知らない状態で見てこんなに面白いなら父親とかの世代はこれみたらどうにかなってしまうんじゃないか,2022/10/09
1.5,うーん、なんかガッカリ。一言で例えるなら…ゴーストのない人形。樋口監督は樋口監督。どんなに真似しても、庵野監督本人にはなれないのに、なんでこんな作り方にしたんだろ。ウルトラマンをエヴァ風にアレンジしてみた（？）庵野監督に憧れる、どこぞの石油王が、大枚をはたいて作ったオタクムービーみたい。ヒューマニズムが全然ない（レヴィ＝ストロースから借用しても、これじゃ…）表面的なパッチワークで、無駄が多くて素人っぽい。特に、アングル。独善的で形骸化している。庵野監督は、実相寺昭雄監督や岡本喜八監督などから学びながら、独自の思想を構築して、形骸化しないよう作品に魂を吹き込むが、樋口監督の本作にはそういった形跡が見られない。オマージュやリブートのつもりで、シンと銘打っているのだろうけども、斬新な解釈が何もないコピー＆ペースト。記号化されたオリジナルなきコピー。言い換えれば、二次創作物。唯一、印象に残るのが「進撃の巨人」化した長澤まさみって…。セクハラ目的で、でっかくしたのかな。,2022/10/09
3.6,シンウルトラマン？真ウルトラマン？新ウルトラマン？まぁやはりこの場合シンなのでしょうね😅トップガン同様往年のファンの期待をちゃーんと拾ってくれてる作品だったと思いますトップガンは続編シンウルトラマンはリメイク？でも　ちゃんと初代ウルトラマンでした！音楽も効果音も　当時のなにやら薄暗く不気味なカメラ割りとかも　ちゃーんと初代ウルトラマンの世界観でしたね👌なぜカラータイマーがないのかウルトラマンはカラータイマーないとなー！😩と思ってましたけどそれもある程度ちゃーんと納得のいく設定になってました色々あるけど細かいとこを少しだけ四つ足の怪獣(禍威獣)とかだとどうしても後ろ足が着ぐるみだと　膝を曲げてる感じがあるのを　CGなのにちゃーんと再現してるとことか泣けてくるこだわり😂もちろんウルトラマンのスーツのシワとかも　初代ウルトラマンより全然ピカピカ✨光ってるのにシワはちゃーんとあるとことかいいよねー😂ただ！どーーしても納得いかないとこがひとつ！ウルトラマンと言えば「シュワッチ！」「ヘアッ！」でしょーーよ！！これを言わないんだよなー！😵なんかのこだわりがあるのかもだけど　やーっぱりウルトラマンは「シュワッチ！」でしょー！それを言わないのはブルース・リーが「アチョー！」を言わないのと同じ！やはり物足りない😵それ以外は　合格点💮でした斎藤工も山本耕史も　長澤まさみもなかなか良かった他のキャストも良かった次回作もあるようでそのときは是非ともセブンも登場させて欲しいものです😋,2022/10/09
3.5,機内鑑賞レビュー最後です。宣伝してた時から、日本へ行ったら絶対観る！と決めてて、機内で観られたんで夫婦揃って、すぐに鑑賞。世代的にはハマれる世代なんですが、正直子供の頃も見たことがないので、なかなか入り込めませんでしたね。でも昭和チック？なところが、面白かったです。あと、長澤まさみさんのキャラがスベってるところ？（ぉぃファンとしては、ツッコミどころがあるんでしょうが、おばちゃんとしては、楽しめたのでヨシです！,2022/10/09
3.5,見た、記録してなかったので、今頃記録してます。久々に、ウルトラマンを懐かしく思い出した。斎藤工がウルトラマン笑顔なくやっていた。感情がない感じ、ウルトラマンだからかな？ウルトラマンってシュワッチ以外喋らないんだったけど、今思うと不思議なことに思える。子供の頃大好きで毎週、金曜日に見てた記憶がうっすらとあるウルトラマンだがあんなに見てたのに、内容はほとんど覚えてなく、スペシウム光線で3分以内に怪獣をやっつけるってこと以外細かい設定を覚えてない。怪獣可哀想だななんて子供心にやっつけられる怪獣のことを思っていた記憶があるぐらい。どうして人がウルトラマンになったのか、なぜ地球人になって怪獣が来たらやっつけるのか？M35星雲？からだったけ？やって来た理由はさっぱり分からない。地球を征服して住めるようにするため？そしたら、怖い宇宙人だったんだよね。はてさて？なんていろいろ考えるきっかけとなった。巨大化した長澤まさみは、圧巻だった。服も靴も何もかも大きくなる、ドラえもんの道具みたいだった。なんに役に立つかな？,2022/10/08
3.0,コロナ終了しそうで映画観賞再開気味なので記録も再開ーかなり前なのでおぼろげーなのだけどもうちょっとCG使って本物っぽくしたらよかったのに。って感じでした。昔風はワザとなのか？,2022/10/08
2.3,いまいち、、、結局SFでは感動はしないし、争っているのが高次元で非日常すぎる。強いのが現れる、でももっと強い力で食い止める、行き詰まったら秘密兵器、それも使いこなして、、その繰り返し。たしかに敵の展開はどんどん狡猾になってゆく。最初は襲うだけ、その後地球内での内部分裂を狙い、生物兵器として管理しようとする、最後は同族から危険視されて消滅されそうになるけれど超次元に吹っ飛ばす！　まあやっていることが人間離れしているんだわ。ウルトラマンの世界やバックグラウンドを理解している人なら頷けるのか？同じSFでもシンゴジラは日本の中にあるありものだけでどうにかしていた、だからこそ現実にリンクしていて面白かった。しかも東京、よく知っているところが壊れていって面白かった。しかしこれはあまりに突飛、高次元すぎ。怪獣たちの人類を利用しようとする思惑が、本当にそうか？と思えてくる。最終的には高エネルギーの秘密を明かす始末。それってウルトラマン族がもっとも恐れた事態になってない？　宇宙人たちが地球を利用するキッカケを作ってない？　なんか堂々巡りしてない？なんだかなあ、、面白い！と思えた場面も仕組みもなかった。懐古主義の枠を出ない、趣味だけで作られたような映画。,2022/10/07
3.5,期待してなかったからか、そこそこ楽しめました。庵野監督が苦手でして…。エヴァンゲリオンやシンゴジラ含めて、強烈早口会話劇から始まり、途中哲学的になり、最後は訳わからん…。そんなパターンを今回も繰り返すのかと思いきや、意外とスッキリ終わりました。ゾフィーがゼットンを持って来たことになっていたのは驚いた。,2022/10/07
0.0,見逃したなーと思ってたら、今丁度上映しててチャンス！と思い鑑賞（したいことのひとつでもあった海外の映画館で映画を観るということが地味に達成）「エヴァやん！」って瞬間何回かあって個人的に舞い上がった、これが庵野さんの作品の色？,2022/10/07
3.5,庵野監督が好きなので鑑賞。映画自体のテンポはよく面白かったです！私はウルトラマン自体詳しくないので知っていればもっと楽しめたのかなと思います😅ウルトラマン好きな方にはおすすめです！,2022/10/06
0.0,怪人のキャラとかウルトラマンが飛ぶ描写とかめちゃくちゃ良いのに長澤まさみのケツたたきシーンや巨大化、巨大化あとの対応が不快、映画の世界に邪魔だ。セクハラ描写むかつくから滅びてくれ,2022/10/06
3.8,オタクによるオタクのためのウルトラマン映画。シン・ゴジラが好きな人にはこのテンポ感！これから何かが起きそうな気がする！てかもう既に起きている現在進行形なトラブルが巻き起こすハラハラ感がたまらない！日本でしか作れない、日本語でしか表現できない高度な面白さがあって好きです！シン・シリーズがどこまで続くかわからないけど大人が子供に戻ってオタク映画作る文化、いつまでも続いて欲しい！,2022/10/06
3.3,世界で売るには、円谷特撮の歴史という極めて敷居の高いリテラシーが求められるので、極めて狭いマーケットを相手にしないといけない歯痒さが感じられる。実相寺アングルだとか、わざわざ当時の着ぐるみ特撮をブラッシュアップしたりとか、ウルトラマンが飛び立つ姿も、当時の通り人形丸出しだとか、オリジナルを踏襲した、時代を感じるエフェクトサウンドとBGMとか。私自身は楽しいですよ。ゼットンだけエヴァンゲリオン味がえぐい。【故きを温ね新しきを知る】私の好きな言葉です。,2022/10/06
5.0,初見の時は驚きと興奮。そして細かいところにも目見張るぞ。と思ってたのだが、おかわりとなるとかなり余裕を持って見られる。初代の物語をちゃんと2時間にまとめているし、細かい小ネタもちゃんと入ってて改めてすごい作品だなと思う。しかし、あの長大な物語を2時間で見終わってしまうので、かなり寂しさも感じてしまう。最強の敵、ゼットンを人間の知恵とウルトラマンの努力でなんとか倒すことは出来た。ただ神永さんがその後どうなるのか。それと途中の数々のドラマもスピンオフとして作ってもらえないもんかな。------------------------------2022/05/16 21:445.0初日に見に行きました！！しかもTVシリーズも予習済みで。映画は、序盤から度肝を抜かれ、畳み掛けるように一気にラストへと行った感じ。これが、これこそが俺が見たかったウルトラマンだった。しかし、今回、ウルトラマンを知らない人と見たのだが数々の疑問点が多かったようだ。そう、この作品。原作をめちゃくちゃリスペクト、そして再現されているのでマニアにはグサグサ刺さるが、知らない人には何故というのが多いようだ。何故も何も原作がそうだからなのだ。今回、斎藤工も素晴らしかったが、何より長澤まさみがめちゃくちゃよかった。もう長澤まさみを愛でる映画といってもいい。よりまさみが好きになったわ。外星人で言うとメフィラスさんが超人気になっているな。紳士的だしことわざすごいし、能力もウルトラマンと同等という。本当に素晴らしい作品だったが、出来ることなら続編が見たい。,2022/10/05
4.5,色々忙しく久々のレビュー！機内で鑑賞。ウルトラマンを小さい頃、観ていた私にとって、あのテーマ音楽の流れる中、懐かしい怪獣たちが登場するオープニングで、一気に作品の世界観に引き込まれました。シリーズを再構成して2時間に凝縮した感じなのも昔を思い出し楽しめました。山本耕史さん演じるメフィラス星人も魅力的ですね。,2022/10/05
2.5,ここから始まるのか！って思った時に映画が終わった。私にはまだ早かった。,2022/10/05
2.0,シンゴジラが専門用語早口でくそつまらなかったので期待はしていなかったのですがこれもちょっと前半キツかった。ウルトラマンは子供の頃見てたけどこんな奥が深い話だったんですね。単なる怪獣と正義の味方の戦いだと記憶があったので。ＣＧも特撮風でなかなか面白い。リメイクとしてはまあいいんでしょうけど元々こういう怪獣映画が好きじゃないので私には向いてないな。エピソードも次々に出てくる星人に飽きてくるし。にしてもゼットンのデザインの超絶ダサさはなに？昔のデザインのほうがかっこよかったような・・・。役者陣は豪華ですがあまり面白くなかったです。,2022/10/05
3.8,特撮系初めて観ました。監督独自の映像の撮り方がかなり独特で、初めて観る私には少し衝撃でした。最初は話がぽんぽん進んでいくので置いてかれる感じはしましたが、起承転結がハッキリしており結末もスッキリしました。映画館で観たということもありとても臨場感もあって観て良かったと思う作品でした。,2022/10/05
1.5,ウルトラマンファンではないのですが、映画好きとして、シン・ゴジラが結構好きだったので鑑賞しました。いや〜……良くも悪くもウルトラマンのファンムービーな印象でした。比べるのは良くないけど、シン・ゴジラは新しい映画を見ている感じがあったのに対して、シン・ウルトラマンは「昔やったウルトラマンを現代の技術で映像化しました！」という感じが強いというか。映像化そのものが最大のテーマで、ストーリー的にはテレビのウルトラマン以上のものはないのかなと…。（あえてなのかもしれないけど）それでも最後まで面白く見れたし、笑えたし、それなりに満足はありました！MVPは西島秀俊さんと山本耕史さんですね。彼らを見るためにもう一回観たい気も…。するような…。しないような…。,2022/10/04
3.8,ウルトラマンを懐かしくも思えるし、普通に怪獣を倒すエンタメとしておもろかったシンエヴァから、日常風景をすごい映すなあと思った解像度低く感じたカットはiPhoneなんかな？意図がわからんかったメフィラスもゼットンも使徒・エヴァすぎたけど、ゼットンに成っていくシーンめちゃくちゃかっこよかった音楽もエヴァっぽいと思ったら鷺巣詩郎やったゼットンの1兆度の火球といえば空想科学読本で、ビル郡の中で戦ってたのも中学の時にやってたウルトラマンのゲーム思い出したていう懐かしくなることがいっぱいあるし、他の映画を見たからこそ考察の記事読んでなるほどと思えるような作品,2022/10/04
2.6,戦闘シーンだけはいい。ウルトラマンマンに思い出があれば面白かったのかも,2022/10/04
1.0,シン・ゴジラと違いシン・ウルトラマンと銘打ってはいるが既存のイメージや構成、背景を完全に無視した庵野の世界観オンリーウルトラマンではなく他のキャラクターであればよかったと個人的には思ってしまった,2022/10/04
3.5,途中まで良かったんだけど後半の展開はちょっとな〜って思った雰囲気的にはシン・ゴジラの延長みたいな感じ？でも初代ウルトラマンに対するリスペクトは色々なシーンで感じた特にニセウルトラマンとのバトルシーンでの有名なエピソードがそのまま再現されていてウケた😂🤭😺メフィラス星人のデザインが格好良かったおそらくウルトラマンは全てCGだと思うがそれがかえって着ぐるみ子供向け作品との違いを強調していて内容もターゲット層は完全に大人向けウルトラマン作品になっているなので小さい子供には内容を理解出来ないと思う良く分からないのは長澤まさみの尻強調シーン何度か自分の尻を叩くシーンがあるのは監督の樋口真嗣の趣味なのか？脚本を書いた庵野秀明の趣味なのか知らないけど😁個人的に続編が有るならまた観てみたいもし作るならバルタン星人を出して欲しい違うアプローチならウルトラセブンでも良い,2022/10/03
2.1,歴代シリーズ等はこどもの頃に見た程度。過去作へのリスペクトがすごいんだろうなーという感想をいだきつつ観ていたけど、所々置いてけぼり感を食らうところがあるかもあと尻の描写に関してはひたすら邪魔に感じました。絶対要らない。ただ、一緒に観に行った家族が満足気だったので、それはよかったかな☺,2022/10/03
5.0,ウルトラマンのマスクがAタイプ〜Cタイプにさりげなく変わっていくところなど、オリジナルへのリスペクトが随所に感じられて、旧来のウルトラマンファンも納得の映画だと思う。科学特捜隊ではなく、政府の専門機関という設定がリアリティある世界観を生んだのだが、一緒に行った息子は「これ本当にウルトラマン出てくるの？」と戸惑っていた。観る前はカラータイマーのないウルトラマンに疑問符だったが、その代わり身体の色が変化する設定に人間味を感じた。何回も見たくなる映画です。,2022/10/03
0.0,ゼットンとゾフィーの扱いで笑いそうになったけどシンプルに面白かった。ウルトラマン1度も見たことない人が見ても楽しめるはず。見たことある人ならゾフィーとゼットンのとこで笑っちゃう。,2022/10/03
4.3,初代へのリスペクトを払いつつ、新解釈・新展開を盛り込んだ傑作。展開は速いがその分濃い内容となっており面白い。終盤にかけてどんどん盛り上がってくる。個人的にはシンゴジラよりも好き。初代好きには是非見てほしい作品。,2022/10/02
3.5,テレビシリーズを幼少期に見ていたものとしては，大画面に出てくるウルトラマンには感動を覚えますが，突っ込みたいところは満載ですね。出てくる言葉も聞き直したいぐらい難しい用語を使ってるのが，大人向けにしたというのをわざわざアピールしてるようにさえ聞こえます。ゾーフィやゼットンの存在もちょっぴり突っ込みたい心境ですが，純粋に楽しめるエンターテイメントにはなってると思います。,2022/10/02
3.7,個人的にはシンゴジラの方が面白かったし、メッセージ性もあったと思います。展開が早いので、映画というよりはドラマのような10話くらいの構成であれば良かったのかもしれませんね。,2022/10/02
3.7,シンゴジラの方が好きだけどこれはこれであり。ただ俳優陣の演技はイマイチ。斉藤工と山本耕史だけはよかった,2022/10/02
5.0,ウルトラマンが空を飛ぶ際に手を頭上にまっすぐ伸ばす理由、頭ぶつけないようにするためなんじゃないのか…！と、勝手に気が付いたんだけどどうだろうか。あの飛び方は危険すぎるw。,2022/10/02
